{"pm:confirm:BULL:COINBASE:BTCUSD-5m-1770836700000-1770836700397-BULL-CONF": {"first_seen": 1770836701.7490299, "payload": {"first_seen": 1770836701.7490282, "request_id": "85ef315b"}}, "pm:confirm:BULL:COINBASE:BTCUSD-5m-1770836700000-1770836700457-BULL-CONF": {"first_seen": 1770836702.0023193, "payload": {"first_seen": 1770836702.0023174, "request_id": "063c9b53"}}}